experiment,hidden_layers,dropout,epochs_trained,validation_loss,validation_accuracy,validation_precision,validation_recall,validation_f1,validation_roc_auc,test_loss,test_accuracy,test_precision,test_recall,test_f1,test_roc_auc
small_mlp,[32],0.2,44,0.3753909609187836,0.8388625592417062,0.8163265306122449,0.8333333333333334,0.8247422680412371,0.9169384057971015,0.31905202955996254,0.8625592417061612,0.819047619047619,0.8958333333333334,0.8557213930348259,0.9387228260869566
recommended_mlp,"[64, 32]",0.2,37,0.36360500894169107,0.8625592417061612,0.8252427184466019,0.8854166666666666,0.8542713567839196,0.9274456521739131,0.33598588795458534,0.8720379146919431,0.822429906542056,0.9166666666666666,0.8669950738916257,0.9300271739130435
large_mlp,"[128, 64, 32]",0.2,41,0.3556981641110651,0.8578199052132701,0.851063829787234,0.8333333333333334,0.8421052631578947,0.9336050724637681,0.37968662988518087,0.8388625592417062,0.7924528301886793,0.875,0.8316831683168316,0.9258605072463768
