{
  "run_timestamp": "2026-05-02_01-56-27",
  "device": "cuda",
  "torch_version": "2.11.0+cu130",
  "cuda_available": true,
  "gpu": "NVIDIA GeForce RTX 5080",
  "results": [
    {
      "experiment": "small_mlp",
      "hidden_layers": [
        32
      ],
      "dropout": 0.2,
      "epochs_trained": 44,
      "validation_loss": 0.3753909609187836,
      "validation_accuracy": 0.8388625592417062,
      "validation_precision": 0.8163265306122449,
      "validation_recall": 0.8333333333333334,
      "validation_f1": 0.8247422680412371,
      "validation_roc_auc": 0.9169384057971015,
      "test_loss": 0.31905202955996254,
      "test_accuracy": 0.8625592417061612,
      "test_precision": 0.819047619047619,
      "test_recall": 0.8958333333333334,
      "test_f1": 0.8557213930348259,
      "test_roc_auc": 0.9387228260869566
    },
    {
      "experiment": "recommended_mlp",
      "hidden_layers": [
        64,
        32
      ],
      "dropout": 0.2,
      "epochs_trained": 37,
      "validation_loss": 0.36360500894169107,
      "validation_accuracy": 0.8625592417061612,
      "validation_precision": 0.8252427184466019,
      "validation_recall": 0.8854166666666666,
      "validation_f1": 0.8542713567839196,
      "validation_roc_auc": 0.9274456521739131,
      "test_loss": 0.33598588795458534,
      "test_accuracy": 0.8720379146919431,
      "test_precision": 0.822429906542056,
      "test_recall": 0.9166666666666666,
      "test_f1": 0.8669950738916257,
      "test_roc_auc": 0.9300271739130435
    },
    {
      "experiment": "large_mlp",
      "hidden_layers": [
        128,
        64,
        32
      ],
      "dropout": 0.2,
      "epochs_trained": 41,
      "validation_loss": 0.3556981641110651,
      "validation_accuracy": 0.8578199052132701,
      "validation_precision": 0.851063829787234,
      "validation_recall": 0.8333333333333334,
      "validation_f1": 0.8421052631578947,
      "validation_roc_auc": 0.9336050724637681,
      "test_loss": 0.37968662988518087,
      "test_accuracy": 0.8388625592417062,
      "test_precision": 0.7924528301886793,
      "test_recall": 0.875,
      "test_f1": 0.8316831683168316,
      "test_roc_auc": 0.9258605072463768
    }
  ]
}